ID,Year_Birth,Education,Marital_Status,Income,Kidhome,Teenhome,Dt_Customer,Recency,MntWines,MntFruits,MntMeatProducts,MntFishProducts,MntSweetProducts,MntGoldProds,NumDealsPurchases,NumWebPurchases,NumCatalogPurchases,NumStorePurchases,NumWebVisitsMonth,AcceptedCmp3,AcceptedCmp4,AcceptedCmp5,AcceptedCmp1,AcceptedCmp2,Complain,Z_CostContact,Z_Revenue,Response
5524,1957,Graduation,Single,58138,0,0,04-09-2012,58,635,88,546,172,88,88,3,8,10,4,7,0,0,0,0,0,0,3,11,1
2174,1954,Graduation,Single,46344,1,1,08-03-2014,38,11,1,6,2,1,6,2,1,1,2,5,0,0,0,0,0,0,3,11,0
4141,1965,Graduation,Together,71613,0,0,21-08-2013,26,426,49,127,111,21,42,1,8,2,10,4,0,0,0,0,0,0,3,11,0
6182,1984,Graduation,Together,26646,1,0,10-02-2014,26,11,4,20,10,3,5,2,2,0,4,6,0,0,0,0,0,0,3,11,0
5324,1981,PhD,Married,58293,1,0,19-01-2014,94,173,43,118,46,27,15,5,5,3,6,5,0,0,0,0,0,0,3,11,0
7446,1967,Master,Together,62513,0,1,09-09-2013,16,520,42,98,0,42,14,2,6,4,10,6,0,0,0,0,0,0,3,11,0
965,1971,Graduation,Divorced,55635,0,1,13-11-2012,34,235,65,164,50,49,27,4,7,3,7,6,0,0,0,0,0,0,3,11,0
6177,1985,PhD,Married,33454,1,0,08-05-2013,32,76,10,56,3,1,23,2,4,0,4,8,0,0,0,0,0,0,3,11,0
9405,1954,PhD,Married,52869,1,1,15-10-2012,40,84,3,61,2,1,21,3,3,1,4,7,0,0,0,0,0,0,3,11,1
